epochs,error
100,0.00218123
150,0.00017653
200,0.00096806
250,0.000553572
300,0.000334487
350,0.000298063
400,0.000471348
