epochs,error
100,0.000713801
150,0.000976519
200,0.00162179
250,0.00113385
300,0.00110533
350,0.00130677
400,0.00122544
