x,Dy,Rz
0,0,0
0.2,-1.43788831257142,-10.2692056483486
0.4,-3.91638258371961,-13.1695389570409
0.6,-6.74336502855035,-14.3883805197889
0.8,-9.73272277304452,-15.0340843633909
1,-12.8148088183532,-15.4339330900779
1.2,-15.9579326653721,-15.7114490370969
1.4,-19.1456147806775,-15.9209573413687
1.6,-22.3679957537999,-16.086748078614
1.8,-25.61669874039,-16.2107238021054
2,-28.8755548829353,-16.2577263247535
