x,Dy,Rz
0,0,0
0.5,-5.30240830784821,-13.8878456171489
1,-12.8148088183532,-15.4339330900779
1.5,-20.7529636154193,-16.0086087149331
2,-28.8755548829353,-16.2577263247535
