x,Dy,Rz
0,0,0
0.5,-5.27449368034902,-13.8878456171489
1,-12.7769363989092,-15.4339330900779
1.5,-20.7089423358011,-16.0086087149331
2,-28.8276767023656,-16.2577263247535
