epochs,error
100,0.861271
200,0.500519
300,0.277699
400,0.16433
500,0.104845
600,0.0713696
700,0.051706
800,0.0386439
900,0.0338192
1000,0.0362806
