epochs,error
100,0.673272
200,0.373763
300,0.198554
400,0.111738
500,0.0688971
600,0.0496731
700,0.0389589
800,0.0320536
900,0.0173622
1000,0.0115907
