epochs,error
100,0.000133175
150,0.000225491
200,0.000229221
250,0.000107659
300,0.000197262
350,0.000262366
400,0.000219048
