x,Dy,Rz
0,0,0
0.2,-1.42174532869942,-10.2692056483486
0.4,-3.89155197448525,-13.1695389570409
0.6,-6.71287494424885,-14.3883805197889
0.8,-9.6981037051774,-15.0340843633909
1,-12.7769363989092,-15.4339330900779
1.2,-15.9173478873411,-15.7114490370969
1.4,-19.1026723565383,-15.9209573413687
1.6,-22.3229558578389,-16.086748078614
1.8,-25.5698472844749,-16.2107238021054
2,-28.8276767023656,-16.2577263247535
